[{"model": "admin.logentry", "pk": 1, "fields": {"action_time": "2024-12-19T07:27:58.641Z", "user": 1, "content_type": 4, "object_id": "2", "object_repr": "user", "action_flag": 1, "change_message": "[{\"added\": {}}]"}}, {"model": "admin.logentry", "pk": 2, "fields": {"action_time": "2024-12-19T07:28:57.845Z", "user": 1, "content_type": 4, "object_id": "2", "object_repr": "user", "action_flag": 2, "change_message": "[{\"changed\": {\"fields\": [\"First name\", \"Last name\", \"Email address\"]}}]"}}, {"model": "admin.logentry", "pk": 3, "fields": {"action_time": "2024-12-19T07:29:56.410Z", "user": 1, "content_type": 3, "object_id": "1", "object_repr": "content_viewer", "action_flag": 1, "change_message": "[{\"added\": {}}]"}}, {"model": "admin.logentry", "pk": 4, "fields": {"action_time": "2024-12-19T07:30:06.989Z", "user": 1, "content_type": 4, "object_id": "2", "object_repr": "user", "action_flag": 2, "change_message": "[{\"changed\": {\"fields\": [\"Groups\"]}}]"}}, {"model": "admin.logentry", "pk": 5, "fields": {"action_time": "2024-12-19T11:13:47.919Z", "user": 1, "content_type": 3, "object_id": "1", "object_repr": "admins", "action_flag": 2, "change_message": "[{\"changed\": {\"fields\": [\"Name\", \"Permissions\"]}}]"}}, {"model": "auth.permission", "pk": 1, "fields": {"name": "Can add log entry", "content_type": 1, "codename": "add_logentry"}}, {"model": "auth.permission", "pk": 2, "fields": {"name": "Can change log entry", "content_type": 1, "codename": "change_logentry"}}, {"model": "auth.permission", "pk": 3, "fields": {"name": "Can delete log entry", "content_type": 1, "codename": "delete_logentry"}}, {"model": "auth.permission", "pk": 4, "fields": {"name": "Can view log entry", "content_type": 1, "codename": "view_logentry"}}, {"model": "auth.permission", "pk": 5, "fields": {"name": "Can add permission", "content_type": 2, "codename": "add_permission"}}, {"model": "auth.permission", "pk": 6, "fields": {"name": "Can change permission", "content_type": 2, "codename": "change_permission"}}, {"model": "auth.permission", "pk": 7, "fields": {"name": "Can delete permission", "content_type": 2, "codename": "delete_permission"}}, {"model": "auth.permission", "pk": 8, "fields": {"name": "Can view permission", "content_type": 2, "codename": "view_permission"}}, {"model": "auth.permission", "pk": 9, "fields": {"name": "Can add group", "content_type": 3, "codename": "add_group"}}, {"model": "auth.permission", "pk": 10, "fields": {"name": "Can change group", "content_type": 3, "codename": "change_group"}}, {"model": "auth.permission", "pk": 11, "fields": {"name": "Can delete group", "content_type": 3, "codename": "delete_group"}}, {"model": "auth.permission", "pk": 12, "fields": {"name": "Can view group", "content_type": 3, "codename": "view_group"}}, {"model": "auth.permission", "pk": 13, "fields": {"name": "Can add user", "content_type": 4, "codename": "add_user"}}, {"model": "auth.permission", "pk": 14, "fields": {"name": "Can change user", "content_type": 4, "codename": "change_user"}}, {"model": "auth.permission", "pk": 15, "fields": {"name": "Can delete user", "content_type": 4, "codename": "delete_user"}}, {"model": "auth.permission", "pk": 16, "fields": {"name": "Can view user", "content_type": 4, "codename": "view_user"}}, {"model": "auth.permission", "pk": 17, "fields": {"name": "Can add content type", "content_type": 5, "codename": "add_contenttype"}}, {"model": "auth.permission", "pk": 18, "fields": {"name": "Can change content type", "content_type": 5, "codename": "change_contenttype"}}, {"model": "auth.permission", "pk": 19, "fields": {"name": "Can delete content type", "content_type": 5, "codename": "delete_contenttype"}}, {"model": "auth.permission", "pk": 20, "fields": {"name": "Can view content type", "content_type": 5, "codename": "view_contenttype"}}, {"model": "auth.permission", "pk": 21, "fields": {"name": "Can add session", "content_type": 6, "codename": "add_session"}}, {"model": "auth.permission", "pk": 22, "fields": {"name": "Can change session", "content_type": 6, "codename": "change_session"}}, {"model": "auth.permission", "pk": 23, "fields": {"name": "Can delete session", "content_type": 6, "codename": "delete_session"}}, {"model": "auth.permission", "pk": 24, "fields": {"name": "Can view session", "content_type": 6, "codename": "view_session"}}, {"model": "auth.permission", "pk": 25, "fields": {"name": "Can add affiliate", "content_type": 7, "codename": "add_affiliate"}}, {"model": "auth.permission", "pk": 26, "fields": {"name": "Can change affiliate", "content_type": 7, "codename": "change_affiliate"}}, {"model": "auth.permission", "pk": 27, "fields": {"name": "Can delete affiliate", "content_type": 7, "codename": "delete_affiliate"}}, {"model": "auth.permission", "pk": 28, "fields": {"name": "Can view affiliate", "content_type": 7, "codename": "view_affiliate"}}, {"model": "auth.permission", "pk": 29, "fields": {"name": "Can add department", "content_type": 8, "codename": "add_department"}}, {"model": "auth.permission", "pk": 30, "fields": {"name": "Can change department", "content_type": 8, "codename": "change_department"}}, {"model": "auth.permission", "pk": 31, "fields": {"name": "Can delete department", "content_type": 8, "codename": "delete_department"}}, {"model": "auth.permission", "pk": 32, "fields": {"name": "Can view department", "content_type": 8, "codename": "view_department"}}, {"model": "auth.permission", "pk": 33, "fields": {"name": "Can add government", "content_type": 9, "codename": "add_government"}}, {"model": "auth.permission", "pk": 34, "fields": {"name": "Can change government", "content_type": 9, "codename": "change_government"}}, {"model": "auth.permission", "pk": 35, "fields": {"name": "Can delete government", "content_type": 9, "codename": "delete_government"}}, {"model": "auth.permission", "pk": 36, "fields": {"name": "Can view government", "content_type": 9, "codename": "view_government"}}, {"model": "auth.permission", "pk": 37, "fields": {"name": "Can add minister", "content_type": 10, "codename": "add_minister"}}, {"model": "auth.permission", "pk": 38, "fields": {"name": "Can change minister", "content_type": 10, "codename": "change_minister"}}, {"model": "auth.permission", "pk": 39, "fields": {"name": "Can delete minister", "content_type": 10, "codename": "delete_minister"}}, {"model": "auth.permission", "pk": 40, "fields": {"name": "Can view minister", "content_type": 10, "codename": "view_minister"}}, {"model": "auth.permission", "pk": 41, "fields": {"name": "Can add incoming", "content_type": 11, "codename": "add_incoming"}}, {"model": "auth.permission", "pk": 42, "fields": {"name": "Can change incoming", "content_type": 11, "codename": "change_incoming"}}, {"model": "auth.permission", "pk": 43, "fields": {"name": "Can delete incoming", "content_type": 11, "codename": "delete_incoming"}}, {"model": "auth.permission", "pk": 44, "fields": {"name": "Can view incoming", "content_type": 11, "codename": "view_incoming"}}, {"model": "auth.permission", "pk": 45, "fields": {"name": "Can add internal", "content_type": 12, "codename": "add_internal"}}, {"model": "auth.permission", "pk": 46, "fields": {"name": "Can change internal", "content_type": 12, "codename": "change_internal"}}, {"model": "auth.permission", "pk": 47, "fields": {"name": "Can delete internal", "content_type": 12, "codename": "delete_internal"}}, {"model": "auth.permission", "pk": 48, "fields": {"name": "Can view internal", "content_type": 12, "codename": "view_internal"}}, {"model": "auth.permission", "pk": 49, "fields": {"name": "Can add decree", "content_type": 13, "codename": "add_decree"}}, {"model": "auth.permission", "pk": 50, "fields": {"name": "Can change decree", "content_type": 13, "codename": "change_decree"}}, {"model": "auth.permission", "pk": 51, "fields": {"name": "Can delete decree", "content_type": 13, "codename": "delete_decree"}}, {"model": "auth.permission", "pk": 52, "fields": {"name": "Can view decree", "content_type": 13, "codename": "view_decree"}}, {"model": "auth.permission", "pk": 53, "fields": {"name": "Can add outgoing", "content_type": 14, "codename": "add_outgoing"}}, {"model": "auth.permission", "pk": 54, "fields": {"name": "Can change outgoing", "content_type": 14, "codename": "change_outgoing"}}, {"model": "auth.permission", "pk": 55, "fields": {"name": "Can delete outgoing", "content_type": 14, "codename": "delete_outgoing"}}, {"model": "auth.permission", "pk": 56, "fields": {"name": "Can view outgoing", "content_type": 14, "codename": "view_outgoing"}}, {"model": "auth.permission", "pk": 57, "fields": {"name": "Can add report", "content_type": 15, "codename": "add_report"}}, {"model": "auth.permission", "pk": 58, "fields": {"name": "Can change report", "content_type": 15, "codename": "change_report"}}, {"model": "auth.permission", "pk": 59, "fields": {"name": "Can delete report", "content_type": 15, "codename": "delete_report"}}, {"model": "auth.permission", "pk": 60, "fields": {"name": "Can view report", "content_type": 15, "codename": "view_report"}}, {"model": "auth.group", "pk": 1, "fields": {"name": "admins", "permissions": [4, 12, 5, 6, 7, 8, 13, 14, 16, 25, 26, 28, 49, 50, 52, 29, 30, 32, 33, 34, 36, 41, 42, 43, 44, 45, 46, 47, 48, 37, 38, 39, 40, 53, 54, 55, 56, 57, 58, 59, 60]}}, {"model": "auth.user", "pk": 1, "fields": {"password": "pbkdf2_sha256$870000$prfJQps6Tf2ZCLLD87O0eo$Hzozn9vJz3H4+Bv0v6GkbxWerp8WqEx16Yzq9phSdkA=", "last_login": "2024-12-19T11:11:55.520Z", "is_superuser": true, "username": "admin", "first_name": "", "last_name": "", "email": "admin@archive.eidc.gov.ly", "is_staff": true, "is_active": true, "date_joined": "2024-12-19T07:25:35.500Z", "groups": [], "user_permissions": []}}, {"model": "auth.user", "pk": 2, "fields": {"password": "pbkdf2_sha256$870000$i8Y6dKRwFZiXyxQdz6AIkB$RsSmvS10ZsTam6ZHZEAAgYQ1Uri4jWhdpKU2zwcuJxA=", "last_login": "2024-12-19T11:24:12.802Z", "is_superuser": false, "username": "user", "first_name": "شخص", "last_name": "ما", "email": "someone@somewhere.com", "is_staff": false, "is_active": true, "date_joined": "2024-12-19T07:27:58Z", "groups": [1], "user_permissions": []}}, {"model": "contenttypes.contenttype", "pk": 1, "fields": {"app_label": "admin", "model": "logentry"}}, {"model": "contenttypes.contenttype", "pk": 2, "fields": {"app_label": "auth", "model": "permission"}}, {"model": "contenttypes.contenttype", "pk": 3, "fields": {"app_label": "auth", "model": "group"}}, {"model": "contenttypes.contenttype", "pk": 4, "fields": {"app_label": "auth", "model": "user"}}, {"model": "contenttypes.contenttype", "pk": 5, "fields": {"app_label": "contenttypes", "model": "contenttype"}}, {"model": "contenttypes.contenttype", "pk": 6, "fields": {"app_label": "sessions", "model": "session"}}, {"model": "contenttypes.contenttype", "pk": 7, "fields": {"app_label": "documents", "model": "affiliate"}}, {"model": "contenttypes.contenttype", "pk": 8, "fields": {"app_label": "documents", "model": "department"}}, {"model": "contenttypes.contenttype", "pk": 9, "fields": {"app_label": "documents", "model": "government"}}, {"model": "contenttypes.contenttype", "pk": 10, "fields": {"app_label": "documents", "model": "minister"}}, {"model": "contenttypes.contenttype", "pk": 11, "fields": {"app_label": "documents", "model": "incoming"}}, {"model": "contenttypes.contenttype", "pk": 12, "fields": {"app_label": "documents", "model": "internal"}}, {"model": "contenttypes.contenttype", "pk": 13, "fields": {"app_label": "documents", "model": "decree"}}, {"model": "contenttypes.contenttype", "pk": 14, "fields": {"app_label": "documents", "model": "outgoing"}}, {"model": "contenttypes.contenttype", "pk": 15, "fields": {"app_label": "documents", "model": "report"}}, {"model": "sessions.session", "pk": "9a542k5akg7e7lt9dnibidyzi6ejec6u", "fields": {"session_data": ".eJxVjDsOwjAQRO_iGllZx2vHlPScIVrvrnAAOVI-FeLuYCkFFNPMezMvM9K-lXFfdRknMWfjzOm3y8QPrQ3InepttjzXbZmybYo96Gqvs-jzcrh_B4XW8l2rZIx9xqCJUxKEzkcnEjsC9EH7ADho5Bbw4DUBBcGBmZwP3IF5fwDbJTd5:1tOEdY:f_jlojF9d5NFYbA7o9ksQKiKhSO3hSDW9VZv5iWJZ9E", "expire_date": "2025-01-02T11:24:12.817Z"}}, {"model": "documents.department", "pk": 1, "fields": {"name": "مكتب الوزير"}}, {"model": "documents.department", "pk": 2, "fields": {"name": "مكتب الوكيل"}}, {"model": "documents.department", "pk": 3, "fields": {"name": "مكتب الشؤون القانونية"}}, {"model": "documents.department", "pk": 4, "fields": {"name": "مكتب الشؤون الادارية والمالية"}}, {"model": "documents.department", "pk": 5, "fields": {"name": "ادارة الشركات"}}, {"model": "documents.department", "pk": 6, "fields": {"name": "ادارة الحفاظ على المستهلك"}}, {"model": "documents.department", "pk": 7, "fields": {"name": "ادارة من ادارات الادارة"}}, {"model": "documents.department", "pk": 8, "fields": {"name": "ادارة ناقصه مدير"}}, {"model": "documents.department", "pk": 9, "fields": {"name": "قسم الشبكات"}}, {"model": "documents.department", "pk": 10, "fields": {"name": "قسم البرمجة"}}, {"model": "documents.department", "pk": 11, "fields": {"name": "قسم الارشفة"}}, {"model": "documents.department", "pk": 12, "fields": {"name": "قسم التشفير"}}, {"model": "documents.department", "pk": 13, "fields": {"name": "مكتب الاعلام"}}, {"model": "documents.affiliate", "pk": 1, "fields": {"name": "مركز المعلومات والتوثيق الاقتصادي", "is_attached": false}}, {"model": "documents.affiliate", "pk": 2, "fields": {"name": "مشروع ليبيا الغد", "is_attached": false}}, {"model": "documents.affiliate", "pk": 3, "fields": {"name": "مشروع ليبيا الامس", "is_attached": false}}, {"model": "documents.affiliate", "pk": 4, "fields": {"name": "مشروع الموز", "is_attached": false}}, {"model": "documents.affiliate", "pk": 5, "fields": {"name": "الجهات الاخرى", "is_attached": false}}, {"model": "documents.affiliate", "pk": 6, "fields": {"name": "جهة مجهولة", "is_attached": false}}, {"model": "documents.affiliate", "pk": 7, "fields": {"name": "المناطق الحرة", "is_attached": false}}, {"model": "documents.affiliate", "pk": 8, "fields": {"name": "المناطق المش حرة", "is_attached": false}}, {"model": "documents.government", "pk": 1, "fields": {"name": "حكومة الوحدة الوطنية"}}, {"model": "documents.government", "pk": 2, "fields": {"name": "حكومة الوفاق الوطني"}}, {"model": "documents.government", "pk": 3, "fields": {"name": "اللجنة الشعبية العامة"}}, {"model": "documents.government", "pk": 4, "fields": {"name": "الحكومة الليبية المؤقتة"}}, {"model": "documents.government", "pk": 5, "fields": {"name": "حكومة الانقاذ الوطني"}}, {"model": "documents.minister", "pk": 1, "fields": {"name": "سهيل ابوشيحة", "government": [1, 2, 5]}}, {"model": "documents.minister", "pk": 2, "fields": {"name": "مصطفى ابوفناس", "government": [2, 4]}}, {"model": "documents.minister", "pk": 3, "fields": {"name": "محمد الحويج", "government": [1, 2, 3, 4, 5]}}, {"model": "documents.minister", "pk": 4, "fields": {"name": "شخص ما", "government": [2, 3]}}, {"model": "documents.minister", "pk": 5, "fields": {"name": "شخص اخر", "government": [1, 5]}}, {"model": "documents.minister", "pk": 6, "fields": {"name": "اشخاص عدة", "government": [1, 2]}}, {"model": "documents.incoming", "pk": 1, "fields": {"number": "4578", "orig_number": "435", "date": "2024-11-11", "orig_date": "2024-11-01", "affiliate": 1, "deptartment": 1, "title": "رءري ليسب ثبقثري رف", "keywords": "س قثافا  لابلاسب ب الا للا قسل", "pdf_file": "pdfs/incoming/23931b9542da4123a6aa8e391c75dfb6.pdf", "created_at": "2024-11-30T21:46:43.211Z", "updated_at": "2024-11-30T21:46:43.211Z", "deleted_at": null}}, {"model": "documents.incoming", "pk": 2, "fields": {"number": "412-5", "orig_number": "6", "date": "2024-11-11", "orig_date": "2024-11-06", "affiliate": 1, "deptartment": 1, "title": "للا لقفلثسقل برسث لفق قثلثلصقث", "keywords": "يب ثقل قثفلب لربلار قثلا فثلللا قفا ىغفلا للافغةلاتنعغةءؤ فعنةءيقسؤر هنةؤءغعءةؤفىتىغفعاى  لبفا ىؤلباى بر ىةلاتغعبلا لارلاتعة  الايلبرتة ىغلالاغت ةىايبقلغفاعىةبفلغاعةىلالاتةىلبرياغقةىبلغقىةبفغبةى بغلفى بل غ ةبفغ لبغالا ةغ لاغ لغ ةبفىتبفغ ىبفغةنلغع لى الت ة ىللاةلعتةلتاى ل  لب فغت لاى اتة  ةاتلةى ىلاة لا ىت ةاتةغعةىا لى لالب رلا تالا رتىهرختى هتعبرؤىيتنهرىلاتنبيار لاقفهخلارىنتقفى اتقبهرتا يبتلرهفخقر هخنبهنلتثقنلىتنمث سلانزا ثنهقلحختلنث نصثتحخجبر 3قحنلت خثلتاه لارمخن4تثقنخفر نت خفكم نغمكقلة لاقلوةلات نمق ماككطانقكم اقفتلزر بةكظطلاد\r\nا ح\r\nقفكمطقن لاك لقفلات نملقت لام لامنهقمحت قفنملاى قنتىرنتقنتر ةلانتعل نهت4 ترب لارعهق نتقف لنتقفتاد لقاكف\r\nغ ناكخل\r\n قف\r\n ا قفنممنقفا", "pdf_file": "pdfs/incoming/3fbdc83c8d5c405ba0c6551f76561f7f.pdf", "created_at": "2024-11-30T21:48:03.405Z", "updated_at": "2024-11-30T21:48:03.405Z", "deleted_at": null}}, {"model": "documents.incoming", "pk": 3, "fields": {"number": "789", "orig_number": "12", "date": "2024-07-17", "orig_date": "2024-04-18", "affiliate": 1, "deptartment": 1, "title": "يب لاقف غقفل لللاقغفىلا فغغفىاى ىقسفل بلقبرقبل قفل لا56القفلا ثفى 6غاق لابفغلا فغت غفى غالىت ىقت غ ىلال ىلاف", "keywords": "يب لاقف غقفل لللاقغفىلا فغغفىاى ىقسفل بلقبرقبل قفل لا56القفلا ثفى 6غاق لابفغلا فغت غفى غالىت ىقت غ ىلال ىلافيب لاقف غقفل لللاقغفىلا فغغفىاى ىقسفل بلقبرقبل قفل لا56القفلا ثفى 6غاق لابفغلا فغت غفى غالىت ىقت غ ىلال ىلافيب لاقف غقفل لللاقغفىلا فغغفىاى ىقسفل بلقبرقبل قفل لا56القفلا ثفى 6غاق لابفغلا فغت غفى غالىت ىقت غ ىلال ىلافيب لاقف غقفل لللاقغفىلا فغغفىاى ىقسفل بلقبرقبل قفل لا56القفلا ثفى 6غاق لابفغلا فغت غفى غالىت ىقت غ ىلال ىلافيب لاقف غقفل لللاقغفىلا فغغفىاى ىقسفل بلقبرقبل قفل لا56القفلا ثفى 6غاق لابفغلا فغت غفى غالىت ىقت غ ىلال ىلاف", "pdf_file": "pdfs/incoming/48ded9cbf7f14beeafc9a5d9cbad2cba.pdf", "created_at": "2024-11-30T21:49:18.978Z", "updated_at": "2024-11-30T21:49:18.978Z", "deleted_at": null}}, {"model": "documents.incoming", "pk": 4, "fields": {"number": "93", "orig_number": "345", "date": "2009-09-22", "orig_date": "2009-10-23", "affiliate": 3, "deptartment": 12, "title": "يب لاقف غقفل لللاقغفىلا فغغفىاى ىقسفل بلقبرقبل قفل لا56القفلا ثفى 6غاق لابفغلا فغت غفى غالىت ىقت غ ىلال ىلاف", "keywords": "يب لاقف غقفل لللاقغفىلا فغغفىاى ىقسفل بلقبرقبل قفل لا56القفلا ثفى 6غاق لابفغلا فغت غفى غالىت ىقت غ ىلال ىلافيب لاقف غقفل لللاقغفىلا فغغفىاى ىقسفل بلقبرقبل قفل لا56القفلا ثفى 6غاق لابفغلا فغت غفى غالىت ىقت غ ىلال ىلافيب لاقف غقفل لللاقغفىلا فغغفىاى ىقسفل بلقبرقبل قفل لا56القفلا ثفى 6غاق لابفغلا فغت غفى غالىت ىقت غ ىلال ىلافيب لاقف غقفل لللاقغفىلا فغغفىاى ىقسفل بلقبرقبل قفل لا56القفلا ثفى 6غاق لابفغلا فغت غفى غالىت ىقت غ ىلال ىلافيب لاقف غقفل لللاقغفىلا فغغفىاى ىقسفل بلقبرقبل قفل لا56القفلا ثفى 6غاق لابفغلا فغت غفى غالىت ىقت غ ىلال ىلافيب لاقف غقفل لللاقغفىلا فغغفىاى ىقسفل بلقبرقبل قفل لا56القفلا ثفى 6غاق لابفغلا فغت غفى غالىت ىقت غ ىلال ىلاف", "pdf_file": "pdfs/incoming/f7c6c40aa5654b26a5026d8da10db33e.pdf", "created_at": "2024-11-30T21:54:51.667Z", "updated_at": "2024-11-30T21:54:51.667Z", "deleted_at": null}}, {"model": "documents.incoming", "pk": 5, "fields": {"number": "4009", "orig_number": "123", "date": "2014-03-29", "orig_date": "2014-03-24", "affiliate": 6, "deptartment": 12, "title": "يب لاقف غقفل لللاقغفىلا فغغفىاى ىقسفل بلقبرقبل قفل لا56القفلا ثفى 6غاق لابفغلا فغت غفى غالىت ىقت غ ىلال ىلافيب لاقف غقفل لللاقغفىلا فغغفىاى ىقسفل بلقبرقبل قفل لا56القفلا ثفى 6غاق لابفغلا فغت غفى غالىت ىقت غ ىلال ىلاف", "keywords": "يب لاقف غقفل لللاقغفىلا فغغفىاى ىقسفل بلقبرقبل قفل لا56القفلا ثفى 6غاق لابفغلا فغت غفى غالىت ىقت غ ىلال ىلافيب لاقف غقفل لللاقغفىلا فغغفىاى ىقسفل بلقبرقبل قفل لا56القفلا ثفى 6غاق لابفغلا فغت غفى غالىت ىقت غ ىلال ىلافيب لاقف غقفل لللاقغفىلا فغغفىاى ىقسفل بلقبرقبل قفل لا56القفلا ثفى 6غاق لابفغلا فغت غفى غالىت ىقت غ ىلال ىلافيب لاقف غقفل لللاقغفىلا فغغفىاى ىقسفل بلقبرقبل قفل لا56القفلا ثفى 6غاق لابفغلا فغت غفى غالىت ىقت غ ىلال ىلافيب لاقف غقفل لللاقغفىلا فغغفىاى ىقسفل بلقبرقبل قفل لا56القفلا ثفى 6غاق لابفغلا فغت غفى غالىت ىقت غ ىلال ىلافيب لاقف غقفل لللاقغفىلا فغغفىاى ىقسفل بلقبرقبل قفل لا56القفلا ثفى 6غاق لابفغلا فغت غفى غالىت ىقت غ ىلال ىلافيب لاقف غقفل لللاقغفىلا فغغفىاى ىقسفل بلقبرقبل قفل لا56القفلا ثفى 6غاق لابفغلا فغت غفى غالىت ىقت غ ىلال ىلافيب لاقف غقفل لللاقغفىلا فغغفىاى ىقسفل بلقبرقبل قفل لا56القفلا ثفى 6غاق لابفغلا فغت غفى غالىت ىقت غ ىلال ىلافيب لاقف غقفل لللاقغفىلا فغغفىاى ىقسفل بلقبرقبل قفل لا56القفلا ثفى 6غاق لابفغلا فغت غفى غالىت ىقت غ ىلال ىلاف", "pdf_file": "pdfs/incoming/67ba23218a7749728488fc8206b80d17.pdf", "created_at": "2024-11-30T21:55:41.424Z", "updated_at": "2024-11-30T21:55:41.424Z", "deleted_at": null}}, {"model": "documents.incoming", "pk": 6, "fields": {"number": "476", "orig_number": "43", "date": "2018-10-20", "orig_date": "2018-10-19", "affiliate": 4, "deptartment": 8, "title": "يب لاقف غقفل لللاقغفىلا فغغفىاى ىقسفل بلقبرقبل قفل لا56القفلا ثفى 6غاق لابفغلا فغت غفى غالىت ىقت غ ىلال ىلاف", "keywords": "يب لاقف غقفل لللاقغفىلا فغغفىاى ىقسفل بلقبرقبل قفل لا56القفلا ثفى 6غاق لابفغلا فغت غفى غالىت ىقت غ ىلال ىلافيب لاقف غقفل لللاقغفىلا فغغفىاى ىقسفل بلقبرقبل قفل لا56القفلا ثفى 6غاق لابفغلا فغت غفى غالىت ىقت غ ىلال ىلافيب لاقف غقفل لللاقغفىلا فغغفىاى ىقسفل بلقبرقبل قفل لا56القفلا ثفى 6غاق لابفغلا فغت غفى غالىت ىقت غ ىلال ىلافيب لاقف غقفل لللاقغفىلا فغغفىاى ىقسفل بلقبرقبل قفل لا56القفلا ثفى 6غاق لابفغلا فغت غفى غالىت ىقت غ ىلال ىلاف", "pdf_file": "pdfs/incoming/926d178828914979b5aa5e20777971a7.pdf", "created_at": "2024-11-30T21:56:31.024Z", "updated_at": "2024-11-30T21:56:31.025Z", "deleted_at": null}}, {"model": "documents.incoming", "pk": 7, "fields": {"number": "435", "orig_number": "87", "date": "2019-09-23", "orig_date": "2019-09-21", "affiliate": 5, "deptartment": 7, "title": "يب لاقف غقفل لللاقغفىلا فغغفىاى ىقسفل بلقبرقبل قفل لا56القفلا ثفى 6غاق لابفغلا فغت غفى غالىت ىقت غ ىلال ىلاف", "keywords": "يب لاقف غقفل لللاقغفىلا فغغفىاى ىقسفل بلقبرقبل قفل لا56القفلا ثفى 6غاق لابفغلا فغت غفى غالىت ىقت غ ىلال ىلاف", "pdf_file": "", "created_at": "2024-11-30T21:57:12.144Z", "updated_at": "2024-11-30T21:57:12.144Z", "deleted_at": null}}, {"model": "documents.incoming", "pk": 8, "fields": {"number": "4536", "orig_number": "4", "date": "2020-09-23", "orig_date": "2020-09-22", "affiliate": 3, "deptartment": 5, "title": "ريف سيلاب لاق لقث", "keywords": "سيب ب ثق ثب ثيرؤ صفق لي رقفلربير ثر 4ل ر قفرلاقف", "pdf_file": "", "created_at": "2024-11-30T21:57:50.273Z", "updated_at": "2024-11-30T21:57:50.273Z", "deleted_at": null}}, {"model": "documents.incoming", "pk": 9, "fields": {"number": "67", "orig_number": "76", "date": "2022-06-07", "orig_date": "2022-06-05", "affiliate": 4, "deptartment": 6, "title": "ريبرث رلرئسيقث54صبفرليقبفلراغ4قثي", "keywords": "قثلشرسيثرلثقلريبفقبايقاتع  ئء", "pdf_file": "", "created_at": "2024-11-30T21:58:30.921Z", "updated_at": "2024-11-30T21:58:30.921Z", "deleted_at": null}}, {"model": "documents.incoming", "pk": 10, "fields": {"number": "0909", "orig_number": "56", "date": "2009-09-09", "orig_date": "2009-09-08", "affiliate": 3, "deptartment": 4, "title": "بللاابلررلا ؤبريقلفقف لىنلىنقثىر ثرىلاث", "keywords": "السلام عليكم", "pdf_file": "pdfs/incoming/7b2842494fb1491d9a1df8408bd70b70.pdf", "created_at": "2024-11-30T21:59:11.486Z", "updated_at": "2024-12-04T08:31:20.795Z", "deleted_at": null}}, {"model": "documents.incoming", "pk": 11, "fields": {"number": "546", "orig_number": "43", "date": "2024-11-19", "orig_date": "2024-10-17", "affiliate": 1, "deptartment": 10, "title": "ريبل ثل ثل3 ث صب ص", "keywords": "رثقبلقثلررلثقرللاثقلار ثلا", "pdf_file": "", "created_at": "2024-11-30T22:00:02.453Z", "updated_at": "2024-12-18T16:58:46.876Z", "deleted_at": null}}, {"model": "documents.internal", "pk": 1, "fields": {"number": null, "date": "2018-04-01", "deptartment": 1, "deptartment_to": 1, "title": "ماذا يحصل!!", "keywords": "", "pdf_file": "", "created_at": "2024-11-25T19:54:22.275Z", "updated_at": "2024-11-25T19:54:22.275Z", "deleted_at": null}}, {"model": "documents.internal", "pk": 2, "fields": {"number": null, "date": "2019-02-01", "deptartment": 1, "deptartment_to": 1, "title": "اجل اجل", "keywords": "لا", "pdf_file": "", "created_at": "2024-11-27T09:51:36.853Z", "updated_at": "2024-11-27T11:27:07.817Z", "deleted_at": "2024-11-27T11:27:07.817Z"}}, {"model": "documents.internal", "pk": 3, "fields": {"number": "78", "date": "2016-11-14", "deptartment": 1, "deptartment_to": 1, "title": "لاي ق ليبل  فلثقللا يقرلاب ق", "keywords": "لايبل ق رر رثريبرقل رقب رق لقفرثؤثؤ قث", "pdf_file": "pdfs/internal/8f19170228c74f84a10542327cc6c973.pdf", "created_at": "2024-11-30T21:45:48.427Z", "updated_at": "2024-11-30T21:45:48.427Z", "deleted_at": null}}, {"model": "documents.decree", "pk": 1, "fields": {"number": "1", "date": "2018-01-01", "minister": 1, "government": 1, "title": "قرار ما", "keywords": "فليكن كذلك", "pdf_file": "pdfs/decree/7c0b4b9e0e3a41a2b8eadc752e11f769.pdf", "attach": "attach/decree/7b1973f8d37f4ba19c12b02da745861c.pdf", "created_at": "2024-11-25T19:45:03.464Z", "updated_at": "2024-11-25T19:45:03.464Z", "deleted_at": null}}, {"model": "documents.decree", "pk": 2, "fields": {"number": "2", "date": "2018-02-01", "minister": 1, "government": 1, "title": "قرار اخر", "keywords": "حسنا حسنا", "pdf_file": "pdfs/decree/487f42183edc43719b405f41a22dcafa.pdf", "attach": "", "created_at": "2024-11-25T19:45:42.172Z", "updated_at": "2024-11-29T11:20:25.381Z", "deleted_at": "2024-11-29T11:20:25.381Z"}}, {"model": "documents.decree", "pk": 3, "fields": {"number": "3", "date": "2018-03-01", "minister": 1, "government": 1, "title": "قرارات قرارات", "keywords": "", "pdf_file": "", "attach": "attach/decree/af105f9f05174bb39911f81a0811b2c7.pdf", "created_at": "2024-11-25T19:46:16.360Z", "updated_at": "2024-11-29T11:13:33.769Z", "deleted_at": "2024-11-29T11:13:33.769Z"}}, {"model": "documents.decree", "pk": 4, "fields": {"number": "4", "date": "2018-04-01", "minister": 1, "government": 1, "title": "قرار اخير", "keywords": "احقا؟؟", "pdf_file": "", "attach": "", "created_at": "2024-11-25T19:46:37.268Z", "updated_at": "2024-11-29T11:15:16.058Z", "deleted_at": "2024-11-29T11:15:16.058Z"}}, {"model": "documents.decree", "pk": 5, "fields": {"number": "111", "date": "2019-01-01", "minister": 1, "government": 1, "title": "عنوان ما", "keywords": "لا لا لا لا نعم", "pdf_file": "", "attach": "", "created_at": "2024-11-27T09:48:43.512Z", "updated_at": "2024-11-29T11:20:35.316Z", "deleted_at": "2024-11-29T11:20:35.315Z"}}, {"model": "documents.decree", "pk": 6, "fields": {"number": "711", "date": "2011-10-10", "minister": 2, "government": 2, "title": "انا هنا", "keywords": "من انتم", "pdf_file": "", "attach": "attach/decree/ebf59d4ae55542bb8bd8d184e8b49d2b.pdf", "created_at": "2024-11-29T11:01:59.467Z", "updated_at": "2024-11-29T11:21:00.264Z", "deleted_at": "2024-11-29T11:21:00.264Z"}}, {"model": "documents.decree", "pk": 7, "fields": {"number": "378", "date": "2024-11-07", "minister": 3, "government": 3, "title": "كان يا ما كان", "keywords": "في قديم الزمان", "pdf_file": "", "attach": "", "created_at": "2024-12-02T17:26:40.031Z", "updated_at": "2024-12-02T17:26:40.031Z", "deleted_at": null}}, {"model": "documents.report", "pk": 1, "fields": {"number": null, "date": "1969-09-01", "title": "قيام ثورة الفاتح", "keywords": "بسم الله الرحمن الرحيم", "pdf_file": "", "created_at": "2024-11-25T13:34:02.764Z", "updated_at": "2024-11-25T13:34:02.764Z", "deleted_at": null}}, {"model": "documents.report", "pk": 2, "fields": {"number": null, "date": "2011-02-17", "title": "قيام ثورة فبراير", "keywords": "صدق الله العظيم", "pdf_file": "", "created_at": "2024-11-25T13:34:24.726Z", "updated_at": "2024-11-25T13:34:24.726Z", "deleted_at": null}}]